UK,,,uk
where i need to be,,,
Florida ,,fl,usa
DM(V) ,,,
@ReneeYoungWWE's other half. ,,,
New Orleans,new orleans,la,usa
A Gym Near You,,,
Bay area,,ca,usa
"Portland, OR",portland,or,usa
the Everglades chillin,,,
Miami Fl,miami,fl,usa
Around,,,
Mars ,,,
On Cloud N9NE w Sadies,,,
"Houston, TX ",houston,tx,usa
Team Fruit Salad,,,
"Indiana, USA",,in,usa
"Arizona, USA",,ar,usa
"Texas, USA",,tx,usa
USA,,,usa
Somewhere over the rainbows.,,,
"Clifton, TX",clifton,tx,usa
"Colorado Springs, CO",colorado springs,co,usa
Chile,,,chile
"Texarkana, TX",texarkana,tx,usa
philippines,,,philippines
"Aranjuez, Spain",aranjuez,,spain
Amman,amman,,jordan
Mumbai ,mumbai,,india
BONE (Sul-Sel),,,
"Medan, Manchester",medan,,indonesia
"Kampala, Uganda",kampala,,uganda
Dimana Kaki Berhenti Melangkah,,,
Old Trafford,old trafford,,uk
London,london,,uk
"Guadalajara, Mxc",guadalajara,,mexico
Abuja,abuja,,nigeria
"Jakarta, Indonesia",jakarta,,indonesia
"Manchester, English",manchester,,uk
"Manchester, England",manchester,,uk
Other side of sanity ,,,
HOUSTON TEXAS,houston,tx,usa
"Pine Bluff, AR Little Rock Ar",little rock,ar,usa
"Pine Bluff, AR Little Rock Ar",little rock,ar,usa
"Hampton, VA",hampton,va,usa
Sydney,sydney,,austrailia
gobal ,,,
kent ohio,kent,oh,usa
WA ☔️,,wa,usa
ALE x CCI,,,
mess hall,,,
"Boulder, CO",boulder,co,usa
El Salvador,,,el salvador
H-town Uptown.,,,
"Pine Bluff, AR",pine bluff,ar,usa
sarcastic location info,,,
PEI,,,
"New York, USA",,ny,usa
"Forest Hill, TX",forest hill,tx,usa
"Pine Bluff, AR",pine bluff,ar,usa
"Porto, Portugal",porto,,portugal
fmu19❤,,,
None,,,
Jeddah ,jeddah,,saudi arabia
"Johore, Malaysia",johore,,malaysia
ks,,,
half blood phg jdt,,,
Pateros,pateros,wa,usa
on ur mans,,,
MIA ,,,
"Baltimore, MD",baltimore,md,usa
None,,,
California,,ca,usa
United States,,,usa
None,,,
Republic of the Philippines,,,philippines
"local Bodega,dmv",,,
Earth,,,
None,,,
"Seattle, WA",seattle,wa,usa
"New Jersey, USA",,nj,usa
UpRoad ,,,
Omar  . Karon . Lontae.. Los❤️,,,
chandler fat larrys ,,,
Metro Manila,manila,,philippines
"Bramhope, England",bramhope,,uk
"Charleston, WV",charleston,wv,usa
SJ ,,,sweden
Nigeria,,,nigeria
"Reno, NV",reno,nv,usa
wjhs,,,
The Creek,,,
Orange farm,,,
"Compton, CA",compton,ca,usa
Htx,,,
CT. 860.,,,
"Providence, RI",providence,ri,usa
ldr lh md cm and many tv shows,,,
NYC,new york city,ny,usa
USA,,,usa
houston,houston,tx,usa
Bay Area,,ca,usa
"Houston, TX",houston,tx,usa
anywhere under a tree ,,,
"Chicago, IL",chicago,il,usa
"Waco, TX",waco,tx,usa
Atlanta ,atlanta,ga,usa
uc riverside,,,
Thailand,,,thailand
"New Jersey, US",,nj,usa
Panda Forest,,,
Sussex,sussex,,uk
Paris & Islamabad,paris,,france
PH,,,philippines
Snatched Bald™,,,
Australia,,,austrailia
william mckinley high school,,,
"Miami, FL",miami,fl,usa
☞living in 9-22-14☜,,,
New York City ,new york city,ny,usa
NYC,new york city,ny,usa
79th & Essex,chicago,il,usa
would rather be in Ferelden,,,
ATX,,,
The Interwebs,,,
"Goshen, IN",goshen,il,usa
N E W Y O R K,,ny,usa
plur,,,
Hiding from my family,,,
"Sacramento, CA",sacramento,ca,usa
Auckland,auckland,,new zealand
im sa jc cs sr +,,,
"Florida, USA",,fl,usa
detroit,detroit,mi,usa
DM[V],,,
None,,,
Israel,,,israel
nj,,nj,usa
Luke/4,,,
Arizona State University,tempe,az,usa
where the wild things are,,,
New Zealand,,,New Zealand
Worldwide. Sometimes On.,,,
outer space,,,
Lime St.,,,
lara and olya,,,
Hogwarts,,,
Camp Ivanhoe,,,
#stellarcityrp,,,
buy #Astoria on itunes ,,,
Stoke Poges,stoke poges,,uk
Christmas Town,,,
"Dayton, OH",dayton,oh,usa
NYR•FLA•NSH•CHI•DAL,,,
gvsu'19,,,
"Tacurong, Soccsksargen",tacurong,,philippines
Scotland,,,uk
"Austin, TX",austin,tx,usa
DVO ,,,
matching with @HIKARUvsKAORU,,,
she/her,,,
NYC,new york city,ny,usa
ur search history,,,
NJ ✈️ IL,,il,usa
"Dallas, Tx ",dallas,tx,usa
RCHS,,,
probably lost,,,
"Houston, TX",houston,tx,usa
"Yorkshire.East Bowling,UK",yorkshire,,uk
Californiaaaaaaa,,ca,usa
"Ourense, Spain",ourense,,usa
Omaha Nebraska     ,omaha,ne,usa
108.9 fm,,,
"London, England",london,,uk
❤️ MCFC // UFC & MMA // AF ❤️,,,
"Bay Area, CA",,ca,usa
r&b,,,
NC,,nc,usa
"Pittsburgh, PA",pittsburgh,pa,usa
❾¾,,,
None,,,
"London, England",london,,uk
not dota,,,
here,,,
Rosie,,,
YeeHaw,,,
ATX,,,
Gilgamesh on FFXIV!!!!!!,,,
"portland, Oregon",portland,or,usa
Bishan,bishan,,singapore
trillville,,,
"San Marcos , Tx ",san marco,tx,usa
camila's follow,,,
221b Baker Street,london,,uk
my bed,,,
my bed,,,
暗殺教室 ,,,
Somewhere Over The Cheerbow,,,
Believeland,,,
"Tokyo, Japan",tokyo,,japan
